{
	"description": "项目配置文件",
	"packOptions": {
		"ignore": []
	},
	"setting": {
		"urlCheck": false,
		"es6": true,
		"postcss": true,
		"minified": true,
		"newFeature": true,
		"autoAudits": false
	},
	"compileType": "miniprogram",
	"libVersion": "2.6.1",
	"appid": "wx23c2a42a3a15e8a6",
	"projectname": "%E8%BF%9B%E9%94%80%E5%AD%98",
	"debugOptions": {
		"hidedInDevtools": []
	},
	"isGameTourist": false,
	"condition": {
		"search": {
			"current": -1,
			"list": []
		},
		"conversation": {
			"current": -1,
			"list": []
		},
		"plugin": {
			"current": -1,
			"list": []
		},
		"game": {
			"currentL": -1,
			"list": []
		},
		"miniprogram": {
			"current": 1,
			"list": [
				{
					"id": -1,
					"name": "sign in",
					"pathName": "pages/signin/index",
					"query": "",
					"scene": null
				},
				{
					"id": 1,
					"name": "goods detail",
					"pathName": "pages/goodsmode/index",
					"query": "created=2019-03-07 17:18:11.0&deptId=35&deptName=河北顿洁石家庄配送中心&mode=1&originalNo=PO903076854061&skuNum=23&supplierId=13&supplierName=顿洁云仓&sysCode=6",
					"scene": null
				}
			]
		}
	}
}